lr,bs,val_loss_mean,val_loss_std,val_macro_f1_mean,val_macro_f1_std,val_wf1_mean,val_wf1_std,test_macro_f1_mean,test_macro_f1_std,test_wf1_mean,test_wf1_std,test_acc_mean,test_acc_std
3e-05,16,1.0108566666666665,0.011471989074843628,0.5088166666666666,0.023342691218737683,0.52185,0.026543396542266395,0.5068466666666667,0.013903044031194517,0.5217966666666667,0.012166726483871173,0.5274933333333333,0.005952481275345082
2e-05,16,1.0186266666666668,0.023150767445882577,0.5067333333333334,0.03266625833078122,0.5156366666666666,0.03681704677636886,0.5268433333333333,0.03079296402318774,0.53992,0.031025836008075576,0.5378,0.03107314113507034
1e-05,16,1.0264,0.015399055165821091,0.4987566666666667,0.014360116062669303,0.5114299999999999,0.010182460409940225,0.4941933333333333,0.027651293520074838,0.5125566666666667,0.02575205881737096,0.5120266666666667,0.02594096631456383
1e-05,8,1.0223533333333334,0.017116928268043036,0.4954766666666666,0.04690578251488117,0.5108966666666667,0.043069168013015253,0.50044,0.029344759327689176,0.5186366666666666,0.030746935348638108,0.52062,0.03092999999999997
2e-05,8,1.0276466666666666,0.018160898472634395,0.46264666666666665,0.053383514621401,0.47207333333333334,0.05328753168737821,0.48837,0.05363641207239724,0.50224,0.04646132585279936,0.5154666666666666,0.028699131229591866
0.0001,8,1.0288766666666669,0.03636678750361835,0.45052333333333333,0.06389517378748832,0.46313333333333334,0.06421063022065221,0.4536766666666667,0.057380728762654584,0.46903000000000006,0.05436828119409332,0.4879733333333333,0.03353796704234368
3e-05,8,1.0471933333333332,0.027775244973417136,0.3947366666666667,0.13666127700754638,0.39947,0.14470117518527625,0.4039066666666667,0.09038283594429494,0.4129133333333333,0.09440971048220272,0.45188999999999996,0.06403395349343968
0.0001,16,1.0511633333333332,0.062276395474797165,0.39471666666666666,0.1260466835475386,0.4104733333333333,0.13044085109095746,0.40002999999999994,0.11167228438605527,0.4151066666666667,0.11370131148466726,0.4690733333333334,0.081827418591407
