,precision,recall,f1-score,support
dovish,0.42168674698795183,0.5932203389830508,0.49295774647887325,59.0
hawkish,0.4318181818181818,0.3584905660377358,0.3917525773195876,53.0
neutral,0.7014925373134329,0.573170731707317,0.6308724832214765,82.0
accuracy,0.520618556701031,0.520618556701031,0.520618556701031,0.520618556701031
macro avg,0.5183324887065222,0.508293878909368,0.5051942690066458,194.0
weighted avg,0.5427230400430634,0.520618556701031,0.5236027694038801,194.0
