,precision,recall,f1-score,support
dovish,0.6119402985074627,0.6949152542372882,0.6507936507936508,59.0
hawkish,0.6444444444444445,0.5471698113207547,0.5918367346938775,53.0
neutral,0.5609756097560976,0.5609756097560976,0.5609756097560976,82.0
accuracy,0.5979381443298969,0.5979381443298969,0.5979381443298969,0.5979381443298969
macro avg,0.6057867842360016,0.6010202251047135,0.6012019984145419,194.0
weighted avg,0.5992785214819374,0.5979381443298969,0.5967225378123758,194.0
