,precision,recall,f1-score,support
dovish,0.7142857142857143,0.7627118644067796,0.7377049180327869,59.0
hawkish,0.6923076923076923,0.5094339622641509,0.5869565217391305,53.0
neutral,0.6195652173913043,0.6951219512195121,0.6551724137931034,82.0
accuracy,0.6649484536082474,0.6649484536082474,0.6649484536082474,0.6649484536082474
macro avg,0.6753862079949036,0.6557559259634809,0.6599446178550069,194.0
weighted avg,0.6682449106250092,0.6649484536082474,0.6616362048821796,194.0
