,precision,recall,f1-score,support
dovish,0.45121951219512196,0.6271186440677966,0.524822695035461,59.0
hawkish,0.29508196721311475,0.33962264150943394,0.3157894736842105,53.0
neutral,0.6666666666666666,0.4146341463414634,0.5112781954887218,82.0
accuracy,0.4587628865979381,0.4587628865979381,0.4587628865979381,0.4587628865979381
macro avg,0.4709893820249678,0.4604584773062313,0.45063012140279773,194.0
weighted avg,0.4996286708684224,0.4587628865979381,0.46199068630118834,194.0
