,precision,recall,f1-score,support
dovish,0.7049180327868853,0.7288135593220338,0.7166666666666667,59.0
hawkish,0.65,0.49056603773584906,0.5591397849462365,53.0
neutral,0.5806451612903226,0.6585365853658537,0.6171428571428571,82.0
accuracy,0.634020618556701,0.634020618556701,0.634020618556701,0.634020618556701
macro avg,0.6451877313590693,0.6259720608079121,0.6309831029185867,194.0
weighted avg,0.6373869441249108,0.634020618556701,0.6315642073257637,194.0
