,precision,recall,f1-score,support
dovish,0.44594594594594594,0.559322033898305,0.49624060150375937,59.0
hawkish,0.6666666666666666,0.41509433962264153,0.5116279069767442,53.0
neutral,0.5172413793103449,0.5487804878048781,0.5325443786982249,82.0
accuracy,0.5154639175257731,0.5154639175257731,0.5154639175257731,0.5154639175257731
macro avg,0.5432846639743191,0.5077322871086082,0.5134709623929096,194.0
weighted avg,0.5363811198329506,0.5154639175257731,0.5157892454213592,194.0
