,precision,recall,f1-score,support
dovish,0.7377049180327869,0.7627118644067796,0.75,59.0
hawkish,0.6857142857142857,0.4528301886792453,0.5454545454545454,53.0
neutral,0.6020408163265306,0.7195121951219512,0.6555555555555556,82.0
accuracy,0.6597938144329897,0.6597938144329897,0.6597938144329897,0.6597938144329897
macro avg,0.6751533400245343,0.645018082735992,0.6503367003367003,194.0
weighted avg,0.6661587332245726,0.6597938144329897,0.6541992085806518,194.0
