,precision,recall,f1-score,support
dovish,0.631578947368421,0.6101694915254238,0.6206896551724138,59.0
hawkish,0.6166666666666667,0.6981132075471698,0.6548672566371682,53.0
neutral,0.6103896103896104,0.573170731707317,0.5911949685534591,82.0
accuracy,0.6185567010309279,0.6185567010309279,0.6185567010309279,0.6185567010309279
macro avg,0.6195450748082326,0.6271511435933035,0.6222506267876803,194.0
weighted avg,0.6185486560825683,0.6185567010309279,0.6175600086511648,194.0
