lr,bs,val_loss_mean,val_loss_std,val_macro_f1_mean,val_macro_f1_std,val_wf1_mean,val_wf1_std,test_macro_f1_mean,test_macro_f1_std,test_wf1_mean,test_wf1_std,test_acc_mean,test_acc_std
3e-05,8,0.9499033333333333,0.08741586945934558,0.5634466666666667,0.027576251255987175,0.5682433333333333,0.02167080140034817,0.5674766666666667,0.055649784665651084,0.5672766666666668,0.04888574877541848,0.5704466666666667,0.04649036495160406
3e-05,16,0.9780866666666667,0.03877944343764267,0.5189666666666667,0.006870933949131883,0.5263300000000001,0.006147902081198068,0.5379766666666667,0.019626375960256518,0.5372033333333334,0.014947914012775659,0.5378033333333333,0.015748785138331545
2e-05,16,1.0037099999999999,0.040658301735315955,0.4836833333333333,0.024694660016556902,0.4870733333333333,0.029782977240922957,0.53015,0.02237686528537899,0.53118,0.026526876936420512,0.5326466666666666,0.024364400943453008
2e-05,8,0.9687833333333332,0.0221964328966015,0.4744933333333334,0.031183722249489936,0.47190333333333334,0.04200441921195119,0.5472766666666667,0.024744917323226822,0.54686,0.0245679201398898,0.5515466666666667,0.025775000161655383
1e-05,8,1.0154166666666666,0.0286617276753048,0.46208999999999995,0.03178733867438419,0.46725666666666665,0.0395039660456179,0.52596,0.028737146692043008,0.52549,0.03105568707982483,0.52749,0.030208387907996695
0.0001,8,1.0479166666666666,0.013824276955173192,0.4506833333333333,0.09566544430113383,0.46219666666666664,0.08782991536676629,0.4762766666666667,0.06914018898826745,0.4879833333333334,0.05977973263015926,0.5154633333333334,0.026783278987706806
0.0001,16,1.0189700000000002,0.07441932074401111,0.4418766666666667,0.10575971176839195,0.44485666666666673,0.0946092285843899,0.4759866666666666,0.10361030321996616,0.4845466666666667,0.09164585333408894,0.51031,0.05854558309556755
1e-05,16,1.0367866666666667,0.028585612348405773,0.4283166666666667,0.049542991768093035,0.4284533333333333,0.05305508206885875,0.46837999999999996,0.042022847357122285,0.4700166666666667,0.04811803438767352,0.47422666666666663,0.04724090000553898
