,precision,recall,f1-score,support
dovish,0.7101449275362319,0.8305084745762712,0.765625,59.0
hawkish,0.6666666666666666,0.4528301886792453,0.5393258426966292,53.0
neutral,0.6067415730337079,0.6585365853658537,0.631578947368421,82.0
accuracy,0.654639175257732,0.654639175257732,0.654639175257732,0.654639175257732
macro avg,0.6611843890788688,0.6472917495404568,0.6455099300216834,194.0
weighted avg,0.6545602734367787,0.654639175257732,0.6471423626140818,194.0
