,precision,recall,f1-score,support
dovish,0.6428571428571429,0.7627118644067796,0.6976744186046512,59.0
hawkish,0.6111111111111112,0.6226415094339622,0.616822429906542,53.0
neutral,0.5857142857142857,0.5,0.5394736842105263,82.0
accuracy,0.6134020618556701,0.6134020618556701,0.6134020618556701,0.6134020618556701
macro avg,0.6132275132275132,0.6284511246135805,0.6179901775739065,194.0
weighted avg,0.6100310914743906,0.6134020618556701,0.6087176370514655,194.0
