,precision,recall,f1-score,support
dovish,0.5576923076923077,0.4915254237288136,0.5225225225225225,59.0
hawkish,0.5882352941176471,0.37735849056603776,0.45977011494252873,53.0
neutral,0.5648148148148148,0.7439024390243902,0.6421052631578947,82.0
accuracy,0.5670103092783505,0.5670103092783505,0.5670103092783505,0.5670103092783505
macro avg,0.5702474722082566,0.5375954511064139,0.5414659668743154,194.0
weighted avg,0.5690470698809086,0.5670103092783505,0.5559241056687125,194.0
