,precision,recall,f1-score,support
dovish,0.6097560975609756,0.847457627118644,0.7092198581560284,59.0
hawkish,0.5932203389830508,0.660377358490566,0.625,53.0
neutral,0.6415094339622641,0.4146341463414634,0.5037037037037037,82.0
accuracy,0.6134020618556701,0.6134020618556701,0.6134020618556701,0.6134020618556701
macro avg,0.6148286235020968,0.6408230439835578,0.6126411872865773,194.0
weighted avg,0.6186601098304377,0.6134020618556701,0.5993436872933472,194.0
